TUTOR_ID,COURSE_ID,CLASS_ID,SECTION,DAY,START,END_ACTUAL,END_SCHEDULED_BLOCK,SLOTS_NEEDED,ROOM_ID,CAMPUS_ID,MERGED_GROUP_ID
T001,IT7003,21263,013,Sunday,08:00,09:50,10:00,1,25.115,B,
T001,IT7003,21269,014,Sunday,14:00,15:50,16:00,1,20.259,B,
T001,IT7003,21269,014,Monday,14:00,15:50,16:00,1,5.03,B,
T001,IT7003,21271,015,Monday,18:00,19:50,20:00,1,25.125,B,
T001,IT7003,21269,014,Tuesday,16:00,17:50,18:00,1,19.301,A,MERGE157
T001,IT7003,21271,015,Wednesday,08:00,09:50,10:00,1,5.03,B,
T001,IT7003,21263,013,Wednesday,10:00,11:50,12:00,1,36A.108,B,
T001,IT7003,21271,015,Thursday,16:00,17:50,18:00,1,19.108,A,MERGE157
T002,IT7008,21205,001,Sunday,10:00,11:50,12:00,1,5.02,B,
T002,IT7008,21205,001,Monday,10:00,11:50,12:00,1,25.111,B,
T002,IT7008,21210,002,Monday,14:00,15:50,16:00,1,25.118,B,
T002,IT7008,21205,001,Tuesday,08:00,09:50,10:00,1,24.006C,B,
T002,IT7008,21210,002,Wednesday,10:00,11:50,12:00,1,20.175,B,
T002,IT7008,21210,002,Thursday,08:00,09:50,10:00,1,19.302,B,
T004,IT8212,21010,001,Sunday,12:00,13:50,14:00,1,25.118,B,
T004,IT8212,21086,002,Monday,12:00,13:50,14:00,1,36A.109,B,
T004,IT8212,21086,002,Tuesday,08:00,09:50,10:00,1,10.22,B,
T004,IT8212,21010,001,Wednesday,10:00,11:50,12:00,1,25.329,B,
T005,IT8515,21190,014,Tuesday,08:00,09:50,10:00,1,25.329,B,
T005,IT8515,21188,012,Tuesday,10:00,11:50,12:00,1,20.250,B,
T005,IT8515,21191,015,Tuesday,14:00,15:50,16:00,1,25.323,B,
T005,IT8515,21189,013,Wednesday,08:00,09:50,10:00,1,36.102 PDC,B,
T005,IT8515,21188,012,Wednesday,10:00,11:50,12:00,1,20.263,B,
T005,IT8515,21190,014,Thursday,10:00,11:50,12:00,1,19.301,B,
T005,IT8515,21191,015,Thursday,12:00,13:50,14:00,1,36A.109,B,
T005,IT8515,21189,013,Thursday,16:00,17:50,18:00,1,36.102,B,
T006,IT8212,21012,004,Sunday,14:00,15:50,16:00,1,20.250,A,
T006,IT8212,21011,003,Sunday,16:00,17:50,18:00,1,25.328,A,
T006,IT8212,21014,006,Monday,12:00,13:50,14:00,1,25.118,A,
T006,IT8212,21014,006,Tuesday,18:00,19:50,20:00,1,36.124,A,
T006,IT8212,21013,005,Wednesday,14:00,15:50,16:00,1,20.206,A,
T006,IT8212,21011,003,Thursday,08:00,09:50,10:00,1,25.113,A,
T006,IT8212,21013,005,Thursday,12:00,13:50,14:00,1,25.123,A,
T006,IT8212,21012,004,Thursday,16:00,17:50,18:00,1,36.201,A,
T007,IT8118,21055,001,Sunday,08:00,09:50,10:00,1,25.323,B,
T007,IT8118,21055,001,Monday,16:00,17:50,18:00,1,36.102 PDC,B,
T007,IT8118,21057,002,Tuesday,16:00,17:50,18:00,1,19.302,B,
T007,IT8118,21058,003,Tuesday,18:00,19:50,20:00,1,20.262,B,
T007,IT8118,21058,003,Thursday,14:00,15:50,16:00,1,10.22,B,
T007,IT8118,21057,002,Thursday,16:00,17:50,18:00,1,5.20,B,
T008,IT8101,21082,004,Sunday,18:00,19:50,20:00,1,5.21,B,
T008,IT8101,21078,002,Monday,12:00,13:50,14:00,1,20.206,B,
T008,IT8101,21082,004,Monday,16:00,17:50,18:00,1,36.202,B,
T008,IT6005,20198,009,Tuesday,10:00,11:50,12:00,1,20.249,A,
T008,IT8101,21078,002,Tuesday,14:00,15:50,16:00,1,36.202,B,
T008,IT8101,21085,007,Tuesday,16:00,17:50,18:00,1,20.121,B,
T008,IT8101,21085,007,Wednesday,18:00,19:50,20:00,1,25.120,B,
T008,IT6005,20198,009,Thursday,18:00,19:50,20:00,1,25.137,A,
T009,IT7003,21275,018,Sunday,12:00,13:50,14:00,1,36.102 PDC,B,
T009,IT7003,21274,017,Sunday,18:00,19:50,20:00,1,19.120,B,
T009,IT7003,21274,017,Monday,10:00,11:50,12:00,1,36A.108,B,
T009,IT7003,21275,018,Tuesday,10:00,11:50,12:00,1,36.102 PDC,A,
T009,IT7003,21273,016,Tuesday,16:00,17:50,18:00,1,5.17,B,
T009,IT7003,21273,016,Wednesday,08:00,09:50,10:00,1,25.329,A,MERGE158
T009,IT7003,21275,018,Wednesday,12:00,13:50,14:00,1,20.249,B,
T009,IT7003,21274,017,Wednesday,18:00,19:50,20:00,1,36.202,A,MERGE158
T009,IT7003,21273,016,Thursday,10:00,11:50,12:00,1,19.111,B,
T011,IT8515,21195,017,Sunday,08:00,09:50,10:00,1,25.129,B,
T011,IT8515,21199,019,Sunday,12:00,13:50,14:00,1,20.175,B,
T011,IT8515,21198,018,Sunday,14:00,15:50,16:00,1,25.122,B,
T011,IT8515,21198,018,Tuesday,18:00,19:50,20:00,1,19.108,B,
T011,IT8515,21199,019,Wednesday,16:00,17:50,18:00,1,36.113,B,
T011,IT8515,21195,017,Thursday,12:00,13:50,14:00,1,20.263,B,
T012,IT7003,21237,006,Sunday,14:00,15:50,16:00,1,24.006C,B,
T012,IT7003,21241,007,Sunday,16:00,17:50,18:00,1,36.124,B,
T012,IT7003,21237,006,Monday,10:00,11:50,12:00,1,25.129,B,
T012,IT7003,21241,007,Tuesday,18:00,19:50,20:00,1,19.315,A,MERGE154
T012,IT7003,21241,007,Wednesday,12:00,13:50,14:00,1,36.201,B,
T012,IT7003,21231,005,Wednesday,14:00,15:50,16:00,1,25.137,B,
T012,IT7003,21237,006,Wednesday,18:00,19:50,20:00,1,25.110,A,MERGE154
T012,IT7003,21231,005,Thursday,12:00,13:50,14:00,1,36.202,B,
T014,IT8515,21202,022,Sunday,10:00,11:50,12:00,1,19.302,B,
T014,IT8515,21204,023,Monday,08:00,09:50,10:00,1,5.02,B,
T014,IT8515,21206,024,Monday,10:00,11:50,12:00,1,20.210,B,
T014,IT8515,21201,021,Tuesday,08:00,09:50,10:00,1,19.120,B,
T014,IT8515,21206,024,Tuesday,10:00,11:50,12:00,1,20.209,B,
T014,IT8515,21201,021,Thursday,08:00,09:50,10:00,1,36.124,B,
T014,IT8515,21204,023,Thursday,10:00,11:50,12:00,1,25.324,B,
T014,IT8515,21202,022,Thursday,16:00,17:50,18:00,1,20.263,B,
T016,IT8416,21017,004,Sunday,12:00,13:50,14:00,1,5.21,A,
T016,IT8416,21016,003,Sunday,14:00,15:50,16:00,1,36A.108,A,
T016,IT8416,21017,004,Tuesday,08:00,09:50,10:00,1,20.263,A,
T016,IT8416,21015,002,Tuesday,14:00,15:50,16:00,1,25.110,A,
T016,IT8416,21015,002,Wednesday,12:00,13:50,14:00,1,20.209,A,
T016,IT8416,21076,001,Wednesday,16:00,17:50,18:00,1,5.02,B,
T016,IT8416,21016,003,Thursday,12:00,13:50,14:00,1,25.137,A,
T016,IT8416,21076,001,Thursday,18:00,19:50,20:00,1,5.18,B,
T017,IT8510,21146,005,Sunday,08:00,09:50,10:00,1,36.102,B,
T017,IT8510,21142,003,Sunday,10:00,11:50,12:00,1,25.327,B,
T017,IT8510,21148,006,Monday,08:00,09:50,10:00,1,25.129,B,
T017,IT8510,21146,005,Monday,10:00,11:50,12:00,1,36.113,B,
T017,IT8510,21148,006,Tuesday,08:00,09:50,10:00,1,25.328,B,
T017,IT8510,21155,010,Tuesday,14:00,15:50,16:00,1,25.324,B,
T017,IT8510,21142,003,Wednesday,10:00,11:50,12:00,1,20.210,B,
T017,IT8510,21155,010,Thursday,10:00,11:50,12:00,1,19.122,B,
T018,IT7000,21123,007,Sunday,08:00,09:50,10:00,1,25.111,B,
T018,IT7000,21126,010,Sunday,14:00,15:50,16:00,1,19.304,B,
T018,IT7000,21125,009,Monday,08:00,09:50,10:00,1,5.06,B,
T018,IT7000,21124,008,Tuesday,08:00,09:50,10:00,1,25.123,B,
T018,IT7000,21127,011,Tuesday,10:00,11:50,12:00,1,24.006C,B,
T018,IT7000,21129,013,Tuesday,16:00,17:50,18:00,1,20.250,B,
T018,IT7000,21133,016,Wednesday,10:00,11:50,12:00,1,20.121,B,
T018,IT7000,21121,005,Thursday,10:00,11:50,12:00,1,5.06,B,
T019,IT8520,21221,010,Sunday,18:00,19:50,20:00,1,36A.108,B,
T019,IT8520,21225,012,Monday,10:00,11:50,12:00,1,36.206,B,
T019,IT8520,21239,021,Tuesday,08:00,09:50,10:00,1,36.206,B,
T019,IT8520,21221,010,Tuesday,10:00,11:50,12:00,1,36.124,B,
T019,IT8520,21239,021,Thursday,08:00,09:50,10:00,1,10.22,B,
T019,IT8520,21225,012,Thursday,10:00,11:50,12:00,1,36.124,B,
T021,IT8520,21240,022,Sunday,16:00,17:50,18:00,1,36A.108,B,
T021,IT8520,21240,022,Monday,08:00,09:50,10:00,1,36.201,B,
T021,IT8520,21234,019,Monday,14:00,15:50,16:00,1,19.315,B,
T021,IT8520,21234,019,Thursday,14:00,15:50,16:00,1,19.302,B,
T022,IT7003,21231,005,Sunday,16:00,17:50,18:00,1,19.304,A,MERGE153
T022,IT7003,21218,004,Sunday,18:00,19:50,20:00,1,36.206,A,MERGE153
T022,IT7003,21218,004,Monday,08:00,09:50,10:00,1,20.209,B,
T022,IT7003,21192,002,Monday,14:00,15:50,16:00,1,19.304,B,
T022,IT7003,21192,002,Tuesday,08:00,09:50,10:00,1,20.175,A,MERGE152
T022,IT7003,21203,003,Tuesday,08:00,09:50,10:00,1,19.108,A,MERGE152
T022,IT7003,21203,003,Wednesday,08:00,09:50,10:00,1,25.115,B,
T022,IT7003,21218,004,Wednesday,10:00,11:50,12:00,1,36.203,B,
T022,IT7003,21192,002,Wednesday,12:00,13:50,14:00,1,5.05,B,
T022,IT7003,21203,003,Thursday,12:00,13:50,14:00,1,25.323,B,
T025,IT6008,20271,020,Sunday,08:00,09:50,10:00,1,25.329,A,
T025,IT6008,20267,016,Sunday,10:00,11:50,12:00,1,5.03,A,
T025,IT7099,21035,001,Sunday,12:00,13:50,14:00,1,36A.109,A,
T025,IT6008,20268,017,Sunday,14:00,15:50,16:00,1,25.110,A,
T025,IT6008,20267,016,Monday,14:00,15:50,16:00,1,19.116,A,
T025,IT6008,20271,020,Tuesday,08:00,09:50,10:00,1,36.102,A,
T025,IT7099,21035,001,Thursday,12:00,13:50,14:00,1,36.102 PDC,A,
T025,IT6008,20268,017,Thursday,18:00,19:50,20:00,1,25.125,A,
T027,IT7005,21180,004,Sunday,18:00,19:50,20:00,1,36.102 PDC,B,
T027,IT7005,21186,005,Monday,12:00,13:50,14:00,1,5.20,B,
T027,IT7005,21194,006,Tuesday,16:00,17:50,18:00,1,19.304,B,
T027,IT7005,21180,004,Wednesday,12:00,13:50,14:00,1,20.121,B,
T027,IT7005,21196,007,Wednesday,14:00,15:50,16:00,1,20.262,B,
T027,IT7005,21194,006,Thursday,12:00,13:50,14:00,1,25.111,B,
T027,IT7005,21196,007,Thursday,14:00,15:50,16:00,1,25.111,B,
T027,IT7005,21186,005,Thursday,18:00,19:50,20:00,1,25.129,B,
T028,IT7008,21232,006,Sunday,14:00,15:50,16:00,1,36.124,B,
T028,IT7008,21224,005,Sunday,16:00,17:50,18:00,1,5.02,B,
T028,IT7008,21224,005,Monday,08:00,09:50,10:00,1,25.323,B,
T028,IT7008,21235,007,Monday,10:00,11:50,12:00,1,25.137,B,
T028,IT7008,21232,006,Monday,12:00,13:50,14:00,1,19.104,B,
T028,IT7008,21235,007,Tuesday,10:00,11:50,12:00,1,19.302,B,
T028,IT7008,21224,005,Tuesday,14:00,15:50,16:00,1,36.203,B,
T028,IT7008,21235,007,Wednesday,10:00,11:50,12:00,1,36.202,B,
T028,IT7008,21232,006,Thursday,10:00,11:50,12:00,1,19.108,B,
T031,IT6008,20228,006,Sunday,12:00,13:50,14:00,1,25.129,A,
T031,IT6008,20233,007,Monday,10:00,11:50,12:00,1,20.249,A,
T031,IT6008,20228,006,Thursday,16:00,17:50,18:00,1,25.137,A,
T031,IT6008,20233,007,Thursday,18:00,19:50,20:00,1,20.210,A,
T032,IT6003,21049,017,Sunday,18:00,19:50,20:00,1,25.129,A,MERGE151
T032,IT6003,21049,017,Monday,10:00,11:50,12:00,1,36.102 PDC,A,
T032,IT6003,21065,019,Monday,12:00,13:50,14:00,1,20.262,A,
T032,IT6003,21056,018,Monday,16:00,17:50,18:00,1,36.102,A,
T032,IT6003,21065,019,Tuesday,18:00,19:50,20:00,1,5.05,A,
T032,IT6003,21056,018,Wednesday,12:00,13:50,14:00,1,36.113,A,
T032,IT6003,21065,019,Wednesday,16:00,17:50,18:00,1,10.22,A,
T032,IT6003,21049,017,Thursday,12:00,13:50,14:00,1,20.209,A,
T032,IT6003,21056,018,Thursday,16:00,17:50,18:00,1,19.116,A,MERGE151
T033,IT6003,21045,013,Sunday,08:00,09:50,10:00,1,36.113,A,MERGE149
T033,IT6003,21047,015,Sunday,12:00,13:50,14:00,1,25.110,A,
T033,IT6003,21048,016,Tuesday,10:00,11:50,12:00,1,19.108,A,MERGE150
T033,IT6003,20114,004,Tuesday,16:00,17:50,18:00,1,36.203,A,
T033,IT6003,21047,015,Tuesday,18:00,19:50,20:00,1,36.102 PDC,A,
T033,IT6003,20114,004,Wednesday,10:00,11:50,12:00,1,10.22,A,
T033,IT6003,21047,015,Wednesday,16:00,17:50,18:00,1,20.262,A,MERGE150
T033,IT6003,21046,014,Thursday,12:00,13:50,14:00,1,19.104,A,MERGE149
T034,IT8510,21163,015,Sunday,10:00,11:50,12:00,1,20.210,B,
T034,IT8510,21149,007,Monday,08:00,09:50,10:00,1,25.120,B,
T034,IT8510,21151,008,Tuesday,14:00,15:50,16:00,1,36.206,B,
T034,IT8510,21163,015,Wednesday,12:00,13:50,14:00,1,25.111,B,
T034,IT8510,21151,008,Wednesday,16:00,17:50,18:00,1,25.129,B,
T034,IT8510,21149,007,Thursday,12:00,13:50,14:00,1,36.206,B,
T035,IT8515,21181,006,Sunday,08:00,09:50,10:00,1,36.203,B,
T035,IT8510,21169,021,Sunday,10:00,11:50,12:00,1,5.18,B,
T035,IT8510,21144,004,Sunday,12:00,13:50,14:00,1,25.125,B,
T035,IT8515,21181,006,Monday,08:00,09:50,10:00,1,20.121,B,
T035,IT8510,21169,021,Monday,12:00,13:50,14:00,1,25.328,B,
T035,IT8515,21173,001,Monday,16:00,17:50,18:00,1,36.124,B,
T035,IT8510,21144,004,Monday,18:00,19:50,20:00,1,25.323,B,
T035,IT8515,21173,001,Thursday,10:00,11:50,12:00,1,5.19,B,
T037,IT8415,21074,007,Sunday,08:00,09:50,10:00,1,25.110,B,
T037,IT8415,21075,008,Monday,14:00,15:50,16:00,1,19.108,B,
T037,IT8415,21072,005,Monday,16:00,17:50,18:00,1,25.125,B,
T037,IT8415,21072,005,Tuesday,16:00,17:50,18:00,1,19.116,B,
T037,IT8415,21075,008,Tuesday,18:00,19:50,20:00,1,25.327,B,
T037,IT8415,21073,006,Wednesday,14:00,15:50,16:00,1,20.263,B,
T037,IT8415,21073,006,Thursday,12:00,13:50,14:00,1,5.20,B,
T037,IT8415,21074,007,Thursday,14:00,15:50,16:00,1,25.323,B,
T039,IT8118,21063,008,Sunday,18:00,19:50,20:00,1,20.250,B,
T039,IT8118,21063,008,Monday,10:00,11:50,12:00,1,25.110,B,
T039,IT8118,21061,006,Monday,12:00,13:50,14:00,1,25.111,B,
T039,IT8118,21062,007,Tuesday,14:00,15:50,16:00,1,24.006C,B,
T039,IT8118,21061,006,Wednesday,12:00,13:50,14:00,1,20.175,B,
T039,IT8118,21062,007,Thursday,16:00,17:50,18:00,1,20.210,B,
T040,IT8101,21077,001,Monday,08:00,09:50,10:00,1,19.108,B,
T040,IT8101,21080,003,Monday,14:00,15:50,16:00,1,25.328,B,
T040,IT8101,21083,005,Monday,18:00,19:50,20:00,1,20.259,B,
T040,IT8101,21077,001,Tuesday,08:00,09:50,10:00,1,36A.109,B,
T040,IT8101,21084,006,Tuesday,10:00,11:50,12:00,1,36A.109,B,
T040,IT8101,21080,003,Wednesday,08:00,09:50,10:00,1,19.116,B,
T040,IT8101,21084,006,Wednesday,10:00,11:50,12:00,1,20.249,B,
T040,IT8101,21083,005,Wednesday,12:00,13:50,14:00,1,19.122,B,
T042,IT6003,21038,006,Sunday,16:00,17:50,18:00,1,25.110,A,
T042,IT6003,21038,006,Monday,16:00,17:50,18:00,1,20.259,A,
T042,IT6003,21046,014,Tuesday,08:00,09:50,10:00,1,25.120,A,
T042,IT6003,21046,014,Wednesday,16:00,17:50,18:00,1,36.206,A,
T042,IT6003,21038,006,Wednesday,18:00,19:50,20:00,1,19.116,A,
T043,IT6003,21040,008,Sunday,14:00,15:50,16:00,1,19.108,A,MERGE147
T043,IT6003,21039,007,Monday,10:00,11:50,12:00,1,25.124,A,
T043,IT6003,21041,009,Monday,14:00,15:50,16:00,1,20.262,A,
T043,IT6003,21039,007,Tuesday,14:00,15:50,16:00,1,19.303,A,MERGE147
T043,IT6003,21040,008,Wednesday,12:00,13:50,14:00,1,25.129,A,
T043,IT6003,21039,007,Wednesday,14:00,15:50,16:00,1,36.113,A,
T043,IT6003,21041,009,Wednesday,18:00,19:50,20:00,1,25.123,A,
T043,IT6003,21040,008,Thursday,14:00,15:50,16:00,1,25.120,A,
T043,IT6003,21041,009,Thursday,18:00,19:50,20:00,1,24.006C,A,
T046,IT6005,20196,007,Sunday,10:00,11:50,12:00,1,20.121,A,
T046,IT6005,20195,006,Sunday,12:00,13:50,14:00,1,36.206,A,
T046,IT6005,20195,006,Monday,08:00,09:50,10:00,1,36A.109,A,
T046,IT6005,20194,005,Monday,10:00,11:50,12:00,1,25.323,A,
T046,IT6005,20197,008,Tuesday,10:00,11:50,12:00,1,5.17,A,
T046,IT6005,20197,008,Wednesday,08:00,09:50,10:00,1,5.04,A,
T046,IT6005,20196,007,Wednesday,10:00,11:50,12:00,1,19.302,A,
T046,IT6005,20194,005,Thursday,10:00,11:50,12:00,1,25.330,A,
T047,IT7004,21245,002,Sunday,08:00,09:50,10:00,1,5.17,B,
T047,IT7004,21246,003,Sunday,12:00,13:50,14:00,1,25.115,B,
T047,IT7004,21238,001,Sunday,14:00,15:50,16:00,1,36.206,B,
T047,IT7004,21246,003,Monday,10:00,11:50,12:00,1,36.201,B,
T047,IT7004,21247,004,Monday,16:00,17:50,18:00,1,20.263,B,
T047,IT7004,21247,004,Wednesday,12:00,13:50,14:00,1,19.303,B,
T047,IT7004,21245,002,Wednesday,16:00,17:50,18:00,1,20.209,B,
T047,IT7004,21238,001,Thursday,16:00,17:50,18:00,1,25.115,B,
T048,IT7004,21248,005,Sunday,14:00,15:50,16:00,1,19.122,B,
T048,IT7004,21248,005,Monday,12:00,13:50,14:00,1,24.006C,B,
T051,IT8510,21166,018,Sunday,14:00,15:50,16:00,1,36.102,B,
T051,IT6003,21042,010,Monday,12:00,13:50,14:00,1,25.330,A,
T051,IT8510,21165,017,Monday,18:00,19:50,20:00,1,25.111,B,
T051,IT8510,21152,009,Tuesday,10:00,11:50,12:00,1,25.129,B,
T051,IT8510,21165,017,Wednesday,12:00,13:50,14:00,1,5.19,B,
T051,IT8510,21166,018,Wednesday,14:00,15:50,16:00,1,25.328,B,
T051,IT8510,21152,009,Thursday,10:00,11:50,12:00,1,19.104,B,
T052,IT7000,21132,015,Sunday,10:00,11:50,12:00,1,20.209,B,
T052,IT7000,21136,018,Sunday,12:00,13:50,14:00,1,5.17,B,
T053,IT7004,21250,007,Sunday,08:00,09:50,10:00,1,20.262,B,
T053,IT7004,21255,010,Monday,08:00,09:50,10:00,1,5.20,B,
T053,IT7004,21252,008,Monday,10:00,11:50,12:00,1,19.120,B,
T053,IT7004,21250,007,Tuesday,08:00,09:50,10:00,1,19.122,B,
T053,IT7004,21249,006,Tuesday,10:00,11:50,12:00,1,19.304,B,
T053,IT7004,21249,006,Wednesday,08:00,09:50,10:00,1,36.203,B,
T053,IT7004,21252,008,Wednesday,14:00,15:50,16:00,1,36.102,B,
T053,IT7004,21255,010,Thursday,10:00,11:50,12:00,1,5.02,B,
T054,IT8118,21059,004,Sunday,10:00,11:50,12:00,1,5.06,B,
T054,IT8118,21060,005,Sunday,14:00,15:50,16:00,1,20.206,B,
T054,IT8118,21059,004,Thursday,08:00,09:50,10:00,1,19.120,B,
T054,IT8118,21060,005,Thursday,14:00,15:50,16:00,1,36A.109,B,
T055,IT8202,21087,001,Sunday,12:00,13:50,14:00,1,36.113,B,
T055,IT7008,21217,004,Sunday,14:00,15:50,16:00,1,10.22,B,
T055,IT8202,21087,001,Monday,08:00,09:50,10:00,1,36A.108,B,
T055,IT8202,21088,002,Monday,14:00,15:50,16:00,1,25.324,B,
T055,IT8202,21088,002,Tuesday,18:00,19:50,20:00,1,25.329,B,
T055,IT7008,21217,004,Wednesday,10:00,11:50,12:00,1,19.315,B,
T055,IT7008,21217,004,Thursday,10:00,11:50,12:00,1,5.21,B,
T056,IT8313,20319,001,Sunday,14:00,15:50,16:00,1,20.209,A,
T056,IT8313,21094,002,Sunday,18:00,19:50,20:00,1,25.324,B,
T056,IT8313,20319,001,Wednesday,14:00,15:50,16:00,1,25.120,A,
T056,IT8313,21094,002,Thursday,16:00,17:50,18:00,1,20.249,B,
T057,IT7008,21213,003,Monday,08:00,09:50,10:00,1,19.301,B,
T057,IT7005,21179,003,Monday,10:00,11:50,12:00,1,19.111,B,
T057,IT7005,21178,002,Monday,16:00,17:50,18:00,1,25.110,B,
T057,IT7005,21179,003,Tuesday,08:00,09:50,10:00,1,36.124,B,
T057,IT7005,21160,001,Tuesday,10:00,11:50,12:00,1,25.137,B,
T057,IT7008,21213,003,Wednesday,10:00,11:50,12:00,1,36A.109,B,
T057,IT7008,21213,003,Thursday,08:00,09:50,10:00,1,19.304,B,
T057,IT7005,21178,002,Thursday,10:00,11:50,12:00,1,25.329,B,
T057,IT7005,21160,001,Thursday,16:00,17:50,18:00,1,25.111,B,
T059,IT8415,21064,001,Sunday,08:00,09:50,10:00,1,25.330,B,
T059,IT8415,21070,003,Sunday,10:00,11:50,12:00,1,19.111,B,
T059,IT8415,21070,003,Monday,10:00,11:50,12:00,1,20.259,B,
T059,IT8415,21064,001,Tuesday,18:00,19:50,20:00,1,25.110,B,
T059,IT8415,21069,002,Wednesday,08:00,09:50,10:00,1,19.120,B,
T059,IT8415,21069,002,Thursday,08:00,09:50,10:00,1,25.323,B,
T060,IT7000,21138,020,Sunday,12:00,13:50,14:00,1,20.209,B,
T060,IT7000,21128,012,Sunday,16:00,17:50,18:00,1,25.137,B,
T060,IT7000,21141,021,Monday,16:00,17:50,18:00,1,19.116,B,
T060,IT7000,21137,019,Wednesday,14:00,15:50,16:00,1,19.122,B,
T060,IT7000,21130,014,Wednesday,18:00,19:50,20:00,1,25.115,B,
T060,IT7000,21135,017,Thursday,16:00,17:50,18:00,1,25.324,B,
T061,IT6005,20208,019,Sunday,14:00,15:50,16:00,1,5.17,A,
T061,IT6005,20209,020,Sunday,18:00,19:50,20:00,1,36.201,A,
T061,IT6005,20207,018,Wednesday,12:00,13:50,14:00,1,36A.109,A,
T061,IT6005,20212,021,Wednesday,14:00,15:50,16:00,1,19.301,A,
T061,IT6005,20209,020,Wednesday,16:00,17:50,18:00,1,25.113,A,
T061,IT6005,20212,021,Thursday,12:00,13:50,14:00,1,19.303,A,
T061,IT6005,20207,018,Thursday,14:00,15:50,16:00,1,5.05,A,
T061,IT6005,20208,019,Thursday,18:00,19:50,20:00,1,19.122,A,
T063,IT8515,21187,011,Sunday,10:00,11:50,12:00,1,20.259,B,
T063,IT8515,21184,009,Sunday,16:00,17:50,18:00,1,36.203,B,
T063,IT8515,21184,009,Monday,16:00,17:50,18:00,1,19.131,B,
T063,IT8515,21185,010,Monday,18:00,19:50,20:00,1,36.102 PDC,B,
T063,IT8515,21185,010,Tuesday,14:00,15:50,16:00,1,19.108,B,
T063,IT8515,21183,008,Wednesday,18:00,19:50,20:00,1,20.250,B,
T063,IT8515,21187,011,Thursday,16:00,17:50,18:00,1,5.06,B,
T063,IT8515,21183,008,Thursday,18:00,19:50,20:00,1,5.04,B,
T064,IT7003,21260,012,Sunday,08:00,09:50,10:00,1,25.120,B,
T064,IT7003,21257,011,Sunday,12:00,13:50,14:00,1,25.122,B,
T064,IT7003,20318,001,Sunday,18:00,19:50,20:00,1,25.323,A,
T064,IT7003,21263,013,Monday,08:00,09:50,10:00,1,19.304,A,MERGE156
T064,IT7003,20318,001,Monday,10:00,11:50,12:00,1,25.122,A,
T064,IT7003,21257,011,Monday,12:00,13:50,14:00,1,19.304,A,MERGE155
T064,IT7003,21260,012,Monday,18:00,19:50,20:00,1,5.21,B,
T064,IT7003,21260,012,Tuesday,14:00,15:50,16:00,1,19.131,A,MERGE156
T064,IT7003,20318,001,Tuesday,16:00,17:50,18:00,1,24.006C,A,
T064,IT7003,21254,010,Tuesday,18:00,19:50,20:00,1,5.04,A,MERGE155
T064,IT7003,21257,011,Thursday,08:00,09:50,10:00,1,25.111,B,
T066,IT6005,20201,012,Sunday,12:00,13:50,14:00,1,25.111,A,
T066,IT6005,20199,010,Sunday,14:00,15:50,16:00,1,19.104,A,
T066,IT6005,20201,012,Monday,14:00,15:50,16:00,1,5.18,A,
T066,IT6005,20200,011,Monday,18:00,19:50,20:00,1,19.315,A,
T066,IT6005,20206,017,Tuesday,18:00,19:50,20:00,1,36.202,A,
T066,IT6005,20199,010,Wednesday,18:00,19:50,20:00,1,25.129,A,
T066,IT6005,20200,011,Thursday,08:00,09:50,10:00,1,20.263,A,
T066,IT6005,20206,017,Thursday,14:00,15:50,16:00,1,5.02,A,
T069,IT6005,20192,003,Sunday,08:00,09:50,10:00,1,5.04,A,
T069,IT6005,20191,002,Sunday,14:00,15:50,16:00,1,20.262,A,
T069,IT6005,20189,001,Monday,08:00,09:50,10:00,1,25.113,A,
T069,IT6005,20192,003,Tuesday,08:00,09:50,10:00,1,19.304,A,
T069,IT6005,20191,002,Thursday,08:00,09:50,10:00,1,25.110,A,
T069,IT6005,20189,001,Thursday,10:00,11:50,12:00,1,25.122,A,
T070,IT6005,20216,023,Sunday,18:00,19:50,20:00,1,36.113,A,
T070,IT6005,20216,023,Wednesday,18:00,19:50,20:00,1,5.06,A,
T073,IT6003,21067,021,Tuesday,08:00,09:50,10:00,1,20.249,A,
T073,IT6003,21067,021,Thursday,10:00,11:50,12:00,1,36.201,A,
T075,IT8520,21211,004,Sunday,16:00,17:50,18:00,1,19.111,B,
T075,IT8520,21207,001,Monday,08:00,09:50,10:00,1,36.206,B,
T075,IT8520,21208,002,Monday,10:00,11:50,12:00,1,20.209,B,
T075,IT8520,21209,003,Tuesday,08:00,09:50,10:00,1,5.21,B,
T075,IT8520,21207,001,Tuesday,10:00,11:50,12:00,1,19.122,B,
T075,IT8520,21211,004,Wednesday,10:00,11:50,12:00,1,36.102,B,
T075,IT8520,21209,003,Thursday,08:00,09:50,10:00,1,25.124,B,
T075,IT8520,21208,002,Thursday,10:00,11:50,12:00,1,25.125,B,
T076,IT6008,20252,010,Sunday,08:00,09:50,10:00,1,20.250,A,
T076,IT6008,20252,010,Monday,14:00,15:50,16:00,1,20.206,A,
T076,IT6008,20243,009,Monday,18:00,19:50,20:00,1,5.20,A,
T076,IT6008,20257,011,Tuesday,18:00,19:50,20:00,1,20.121,A,
T076,IT6008,20243,009,Wednesday,08:00,09:50,10:00,1,5.18,A,
T076,IT6008,20235,008,Wednesday,14:00,15:50,16:00,1,19.315,A,
T076,IT6008,20257,011,Wednesday,16:00,17:50,18:00,1,36.102,A,
T076,IT6008,20235,008,Thursday,16:00,17:50,18:00,1,25.328,A,
T077,IT6003,21043,011,Sunday,08:00,09:50,10:00,1,19.304,A,
T077,IT6003,21044,012,Sunday,10:00,11:50,12:00,1,19.104,A,MERGE148
T077,IT6003,21042,010,Tuesday,08:00,09:50,10:00,1,36A.108,A,
T077,IT6003,21045,013,Tuesday,10:00,11:50,12:00,1,5.03,A,
T077,IT6003,21043,011,Tuesday,16:00,17:50,18:00,1,25.125,A,MERGE148
T077,IT6003,21044,012,Wednesday,12:00,13:50,14:00,1,5.03,A,
T077,IT6003,21042,010,Wednesday,16:00,17:50,18:00,1,5.17,A,
T077,IT6003,21045,013,Wednesday,18:00,19:50,20:00,1,25.124,A,
T077,IT6003,21044,012,Thursday,10:00,11:50,12:00,1,20.263,A,
T077,IT6003,21043,011,Thursday,12:00,13:50,14:00,1,25.125,A,
T078,IT6003,21081,024,Monday,12:00,13:50,14:00,1,20.263,A,
T078,IT8323,20321,001,Monday,14:00,15:50,16:00,1,36.202,A,
T078,IT8323,21093,003,Monday,18:00,19:50,20:00,1,36.206,B,
T078,IT6003,21081,024,Tuesday,18:00,19:50,20:00,1,19.116,A,
T078,IT8323,20321,001,Wednesday,08:00,09:50,10:00,1,5.20,A,
T078,IT8323,21093,003,Thursday,08:00,09:50,10:00,1,19.116,B,
T078,IT6003,21081,024,Thursday,12:00,13:50,14:00,1,19.120,A,
T080,IT8510,21170,022,Sunday,12:00,13:50,14:00,1,25.123,B,
T080,IT8510,21140,002,Sunday,16:00,17:50,18:00,1,5.17,B,
T080,IT8510,21170,022,Tuesday,14:00,15:50,16:00,1,10.22,B,
T080,IT8510,21140,002,Tuesday,16:00,17:50,18:00,1,25.329,B,
T082,IT8520,21214,006,Sunday,16:00,17:50,18:00,1,19.302,B,
T082,IT8510,21164,016,Tuesday,08:00,09:50,10:00,1,19.116,B,
T082,IT8510,21139,001,Tuesday,10:00,11:50,12:00,1,25.120,B,
T082,IT8520,21220,009,Tuesday,14:00,15:50,16:00,1,5.17,B,
T082,IT8510,21139,001,Thursday,08:00,09:50,10:00,1,25.125,B,
T082,IT8520,21220,009,Thursday,10:00,11:50,12:00,1,19.302,B,
T082,IT8510,21164,016,Thursday,16:00,17:50,18:00,1,5.04,B,
T082,IT8520,21214,006,Thursday,18:00,19:50,20:00,1,19.304,B,
T084,IT6005,20203,014,Sunday,12:00,13:50,14:00,1,20.250,A,
T084,IT6005,20205,016,Sunday,16:00,17:50,18:00,1,25.327,A,
T084,IT6005,20202,013,Monday,12:00,13:50,14:00,1,25.113,A,
T084,IT6005,20204,015,Tuesday,18:00,19:50,20:00,1,25.120,A,
T084,IT6005,20205,016,Wednesday,14:00,15:50,16:00,1,25.122,A,
T084,IT6005,20202,013,Wednesday,16:00,17:50,18:00,1,19.315,A,
T084,IT6005,20203,014,Wednesday,18:00,19:50,20:00,1,36.102,A,
T084,IT6005,20204,015,Thursday,10:00,11:50,12:00,1,25.323,A,
T087,IT6003,20312,025,Monday,10:00,11:50,12:00,1,25.328,A,
T087,IT7000,21119,003,Monday,16:00,17:50,18:00,1,25.324,B,
T087,IT7000,21105,001,Tuesday,10:00,11:50,12:00,1,25.329,B,
T087,IT7000,21122,006,Tuesday,14:00,15:50,16:00,1,36.113,B,
T087,IT6003,20312,025,Wednesday,08:00,09:50,10:00,1,5.05,A,
T087,IT7000,21120,004,Wednesday,14:00,15:50,16:00,1,36.201,B,
T087,IT6003,20312,025,Thursday,16:00,17:50,18:00,1,20.250,A,
T089,IT6008,20265,014,Sunday,12:00,13:50,14:00,1,5.04,A,
T089,IT6008,20266,015,Monday,10:00,11:50,12:00,1,10.22,A,
T089,IT6008,20264,013,Wednesday,16:00,17:50,18:00,1,25.123,A,
T089,IT6008,20265,014,Thursday,12:00,13:50,14:00,1,5.06,A,
T089,IT6008,20264,013,Thursday,16:00,17:50,18:00,1,25.329,A,
T089,IT6008,20266,015,Thursday,18:00,19:50,20:00,1,25.324,A,
T090,IT7003,21254,010,Sunday,18:00,19:50,20:00,1,19.122,B,
T090,IT7003,21277,020,Monday,08:00,09:50,10:00,1,25.122,B,
T090,IT6003,21048,016,Monday,14:00,15:50,16:00,1,20.249,A,
T090,IT7003,21277,020,Tuesday,08:00,09:50,10:00,1,19.104,A,
T090,IT6003,21048,016,Wednesday,08:00,09:50,10:00,1,19.108,A,
T090,IT7003,21254,010,Wednesday,14:00,15:50,16:00,1,5.04,B,
T090,IT7003,21277,020,Thursday,08:00,09:50,10:00,1,19.104,B,
T095,IT7004,21261,014,Sunday,08:00,09:50,10:00,1,25.123,B,
T095,IT7004,21264,016,Monday,14:00,15:50,16:00,1,5.06,B,
T095,IT7004,21261,014,Monday,16:00,17:50,18:00,1,25.124,B,
T095,IT7004,21266,018,Tuesday,08:00,09:50,10:00,1,25.113,B,
T095,IT7004,21262,015,Tuesday,10:00,11:50,12:00,1,20.210,B,
T095,IT7004,21266,018,Thursday,12:00,13:50,14:00,1,20.121,B,
T095,IT7004,21264,016,Thursday,14:00,15:50,16:00,1,19.111,B,
T095,IT7004,21262,015,Thursday,18:00,19:50,20:00,1,36A.108,B,
T096,IT6008,20270,019,Sunday,12:00,13:50,14:00,1,25.137,A,
T096,IT6008,20959,026,Sunday,14:00,15:50,16:00,1,5.18,A,
T096,IT6008,20270,019,Monday,12:00,13:50,14:00,1,19.302,A,
T096,IT6008,20277,024,Tuesday,16:00,17:50,18:00,1,20.263,A,
T096,IT6008,20274,022,Wednesday,08:00,09:50,10:00,1,19.111,A,
T096,IT6008,20959,026,Wednesday,14:00,15:50,16:00,1,20.209,A,
T096,IT6008,20277,024,Wednesday,18:00,19:50,20:00,1,19.111,A,
T096,IT6008,20274,022,Thursday,18:00,19:50,20:00,1,20.206,A,
T098,IT8520,21242,023,Sunday,16:00,17:50,18:00,1,5.05,B,
T098,IT8520,21242,023,Monday,10:00,11:50,12:00,1,20.175,B,
T098,IT8520,21236,020,Monday,12:00,13:50,14:00,1,36.202,B,
T098,IT8520,21243,024,Monday,16:00,17:50,18:00,1,25.120,B,
T098,IT8520,21243,024,Tuesday,08:00,09:50,10:00,1,5.03,B,
T098,IT8520,21236,020,Tuesday,14:00,15:50,16:00,1,25.120,B,
T098,IT8520,21233,018,Tuesday,18:00,19:50,20:00,1,25.129,B,
T098,IT8520,21233,018,Thursday,08:00,09:50,10:00,1,19.303,B,
T100,IT6008,20278,025,Sunday,12:00,13:50,14:00,1,36.201,A,
T100,IT6008,20269,018,Sunday,14:00,15:50,16:00,1,25.125,A,
T100,IT6008,20275,023,Sunday,16:00,17:50,18:00,1,20.121,A,
T100,IT6008,20273,021,Sunday,18:00,19:50,20:00,1,25.113,A,
T100,IT6008,20273,021,Monday,10:00,11:50,12:00,1,5.19,A,
T100,IT6008,20278,025,Monday,16:00,17:50,18:00,1,19.315,A,
T100,IT6008,20275,023,Monday,18:00,19:50,20:00,1,25.324,A,
T100,IT6008,20269,018,Thursday,16:00,17:50,18:00,1,25.123,A,
T101,IT6008,20960,027,Sunday,12:00,13:50,14:00,1,36.202,A,
T101,IT6008,20963,028,Sunday,16:00,17:50,18:00,1,25.122,A,
T101,IT6008,20964,029,Sunday,18:00,19:50,20:00,1,24.006C,A,
T101,IT6008,20960,027,Wednesday,10:00,11:50,12:00,1,25.124,A,
T101,IT6008,20963,028,Wednesday,14:00,15:50,16:00,1,25.324,A,
T101,IT6008,20964,029,Thursday,14:00,15:50,16:00,1,19.104,A,
T104,IT7004,21272,022,Sunday,12:00,13:50,14:00,1,36.203,B,
T104,IT7004,21265,017,Monday,12:00,13:50,14:00,1,25.120,B,
T104,IT7004,21272,022,Tuesday,14:00,15:50,16:00,1,5.03,B,
T104,IT7004,21265,017,Tuesday,16:00,17:50,18:00,1,19.120,B,
T104,IT7004,21268,020,Wednesday,08:00,09:50,10:00,1,20.262,B,
T104,IT7004,21267,019,Wednesday,12:00,13:50,14:00,1,20.250,B,
T104,IT7004,21268,020,Thursday,16:00,17:50,18:00,1,20.175,B,
T104,IT7004,21267,019,Thursday,18:00,19:50,20:00,1,25.111,B,
T106,IT8510,21161,013,Sunday,12:00,13:50,14:00,1,19.304,B,
T106,IT8510,21162,014,Sunday,14:00,15:50,16:00,1,36.102 PDC,B,
T106,IT8510,21157,011,Sunday,16:00,17:50,18:00,1,5.04,B,
T106,IT8510,21159,012,Sunday,18:00,19:50,20:00,1,25.125,B,
T106,IT8510,21162,014,Monday,12:00,13:50,14:00,1,25.125,B,
T106,IT8510,21159,012,Monday,14:00,15:50,16:00,1,5.20,B,
T106,IT8510,21161,013,Monday,16:00,17:50,18:00,1,36.113,B,
T106,IT8510,21157,011,Thursday,10:00,11:50,12:00,1,20.250,B,
T107,IT7000,21145,023,Sunday,08:00,09:50,10:00,1,20.206,B,
T107,IT7000,21147,024,Monday,14:00,15:50,16:00,1,25.330,B,
T107,IT7000,21143,022,Tuesday,10:00,11:50,12:00,1,20.259,B,
T107,IT7000,21150,025,Wednesday,08:00,09:50,10:00,1,25.118,B,
T107,IT7000,21153,026,Wednesday,10:00,11:50,12:00,1,19.120,B,
T107,IT7000,21154,027,Thursday,12:00,13:50,14:00,1,20.262,B,
T109,IT8520,21228,015,Sunday,08:00,09:50,10:00,1,19.116,B,
T109,IT8520,21229,016,Sunday,10:00,11:50,12:00,1,25.115,B,
T109,IT8520,21226,013,Sunday,12:00,13:50,14:00,1,36.102,B,
T109,IT8520,21230,017,Monday,08:00,09:50,10:00,1,5.19,B,
T109,IT8520,21226,013,Monday,10:00,11:50,12:00,1,5.21,B,
T109,IT8520,21228,015,Wednesday,08:00,09:50,10:00,1,20.259,B,
T109,IT8520,21229,016,Thursday,08:00,09:50,10:00,1,5.19,B,
T109,IT8520,21230,017,Thursday,10:00,11:50,12:00,1,20.249,B,
T110,IT7003,21285,023,Monday,14:00,15:50,16:00,1,24.006C,B,
T110,IT7003,21286,024,Monday,18:00,19:50,20:00,1,19.303,B,
T110,IT7003,21282,022,Tuesday,14:00,15:50,16:00,1,25.111,B,
T110,IT7003,21285,023,Tuesday,18:00,19:50,20:00,1,19.304,A,MERGE159
T110,IT7003,21282,022,Wednesday,14:00,15:50,16:00,1,36.203,B,
T110,IT7003,21286,024,Wednesday,18:00,19:50,20:00,1,25.324,B,
T110,IT7003,21286,024,Thursday,08:00,09:50,10:00,1,19.315,A,
T110,IT7003,21285,023,Thursday,12:00,13:50,14:00,1,24.006C,B,
T110,IT7003,21282,022,Thursday,18:00,19:50,20:00,1,25.115,A,MERGE159
T111,IT8510,21171,023,Sunday,08:00,09:50,10:00,1,20.121,B,
T111,IT8510,21172,024,Monday,10:00,11:50,12:00,1,5.17,B,
T111,IT8510,21168,020,Monday,14:00,15:50,16:00,1,19.302,B,
T111,IT8510,21168,020,Tuesday,10:00,11:50,12:00,1,20.263,B,
T111,IT8510,21172,024,Tuesday,16:00,17:50,18:00,1,25.330,B,
T111,IT8510,21167,019,Wednesday,18:00,19:50,20:00,1,25.328,B,
T111,IT8510,21167,019,Thursday,10:00,11:50,12:00,1,25.123,B,
T111,IT8510,21171,023,Thursday,12:00,13:50,14:00,1,19.108,B,
T112,IT7000,21118,002,Tuesday,10:00,11:50,12:00,1,19.111,B,
T112,IT7000,21158,029,Tuesday,14:00,15:50,16:00,1,25.330,B,
T115,IT8520,21212,005,Sunday,10:00,11:50,12:00,1,20.250,B,
T115,IT8520,21223,011,Sunday,12:00,13:50,14:00,1,5.02,B,
T115,IT8520,21215,007,Monday,10:00,11:50,12:00,1,36.102,B,
T115,IT8520,21216,008,Tuesday,08:00,09:50,10:00,1,5.18,B,
T115,IT8520,21212,005,Tuesday,10:00,11:50,12:00,1,36.201,B,
T115,IT8520,21215,007,Wednesday,08:00,09:50,10:00,1,25.124,B,
T115,IT8520,21223,011,Wednesday,14:00,15:50,16:00,1,5.05,B,
T115,IT8520,21216,008,Thursday,16:00,17:50,18:00,1,20.262,B,
T116,IT8213,21090,002,Sunday,08:00,09:50,10:00,1,25.327,B,
T116,IT8213,21089,001,Sunday,10:00,11:50,12:00,1,25.110,B,
T116,IT6003,21067,021,Sunday,16:00,17:50,18:00,1,19.122,A,
T116,IT8213,21091,003,Monday,16:00,17:50,18:00,1,20.121,B,
T116,IT8213,21090,002,Tuesday,14:00,15:50,16:00,1,19.120,B,
T116,IT8213,21089,001,Wednesday,16:00,17:50,18:00,1,19.131,B,
T116,IT8213,21091,003,Thursday,12:00,13:50,14:00,1,20.259,B,
T118,IT6001,20878,003,Sunday,14:00,15:50,16:00,1,25.113,A,
T118,IT6001,20878,003,Monday,12:00,13:50,14:00,1,5.21,A,
T118,IT6001,20881,004,Monday,14:00,15:50,16:00,1,19.120,A,
T118,IT6001,20873,001,Tuesday,14:00,15:50,16:00,1,25.122,A,
T118,IT6001,20873,001,Wednesday,08:00,09:50,10:00,1,5.17,A,
T118,IT6001,20882,005,Wednesday,14:00,15:50,16:00,1,19.108,A,
T118,IT6001,20882,005,Thursday,16:00,17:50,18:00,1,10.22,A,
T118,IT6001,20881,004,Thursday,18:00,19:50,20:00,1,20.262,A,
T119,IT8515,21174,002,Sunday,14:00,15:50,16:00,1,25.123,B,
T119,IT8515,21176,004,Monday,12:00,13:50,14:00,1,19.116,B,
T119,IT8515,21174,002,Monday,18:00,19:50,20:00,1,5.02,B,
T119,IT8515,21176,004,Tuesday,14:00,15:50,16:00,1,25.129,B,
T119,IT8515,21175,003,Wednesday,12:00,13:50,14:00,1,36.206,B,
T119,IT8515,21177,005,Wednesday,14:00,15:50,16:00,1,20.250,B,
T119,IT8515,21177,005,Thursday,10:00,11:50,12:00,1,10.22,B,
T119,IT8515,21175,003,Thursday,12:00,13:50,14:00,1,20.249,B,
T120,IT7004,21258,012,Sunday,12:00,13:50,14:00,1,5.05,B,
T120,IT7004,21259,013,Sunday,18:00,19:50,20:00,1,25.329,B,
T120,IT7004,21258,012,Monday,16:00,17:50,18:00,1,25.327,B,
T120,IT7004,21253,009,Monday,18:00,19:50,20:00,1,20.263,B,
T120,IT7004,21256,011,Tuesday,18:00,19:50,20:00,1,19.104,B,
T120,IT7004,21253,009,Wednesday,14:00,15:50,16:00,1,19.116,B,
T120,IT7004,21259,013,Thursday,12:00,13:50,14:00,1,25.118,B,
T120,IT7004,21256,011,Thursday,16:00,17:50,18:00,1,36.203,B,
T121,IT6003,20113,003,Sunday,16:00,17:50,18:00,1,5.03,A,
T121,IT6003,20050,001,Monday,12:00,13:50,14:00,1,20.210,A,
T121,IT6003,20112,002,Monday,14:00,15:50,16:00,1,5.05,A,
T121,IT6003,20113,003,Monday,18:00,19:50,20:00,1,25.329,A,MERGE146
T121,IT6003,20112,002,Tuesday,18:00,19:50,20:00,1,25.330,A,
T121,IT6003,20113,003,Wednesday,10:00,11:50,12:00,1,19.104,A,
T121,IT6003,20050,001,Wednesday,16:00,17:50,18:00,1,24.006C,A,MERGE145
T121,IT6003,20112,002,Wednesday,16:00,17:50,18:00,1,19.116,A,MERGE145
T121,IT6003,20050,001,Thursday,14:00,15:50,16:00,1,5.19,A,
T121,IT6003,20114,004,Thursday,18:00,19:50,20:00,1,19.120,A,MERGE146
T122,IT6008,20222,003,Sunday,16:00,17:50,18:00,1,20.210,A,
T122,IT6008,20223,004,Monday,08:00,09:50,10:00,1,20.250,A,
T122,IT6008,20220,002,Monday,14:00,15:50,16:00,1,25.110,A,
T122,IT6008,20217,001,Monday,18:00,19:50,20:00,1,5.19,A,
T122,IT6008,20222,003,Tuesday,16:00,17:50,18:00,1,20.210,A,
T122,IT6008,20220,002,Wednesday,14:00,15:50,16:00,1,36.102 PDC,A,
T122,IT6008,20223,004,Wednesday,18:00,19:50,20:00,1,5.02,A,
T122,IT6008,20217,001,Thursday,16:00,17:50,18:00,1,36.124,A,
T123,IT8515,21193,016,Sunday,08:00,09:50,10:00,1,19.108,B,
T123,IT8515,21182,007,Wednesday,10:00,11:50,12:00,1,20.259,B,
T123,IT8515,21193,016,Wednesday,12:00,13:50,14:00,1,19.104,B,
T123,IT8515,21182,007,Thursday,10:00,11:50,12:00,1,5.20,B,
